node,link
node1,http://eviemsm4.github.io/node1.html
node2,http://eviemsm4.github.io/node2.html
node3,http://eviemsm4.github.io/node3.html
node4,http://eviemsm4.github.io/node4.html
node5,http://eviemsm4.github.io/node5.html
node6,http://eviemsm4.github.io/node6.html
node7,http://eviemsm4.github.io/node7.html
node8,http://eviemsm4.github.io/node8.html
node9,http://eviemsm4.github.io/node9.html
node10,http://eviemsm4.github.io/node10.html
node11,http://eviemsm4.github.io/node11.html
node12,http://eviemsm4.github.io/node12.html
node13,http://eviemsm4.github.io/node13.html
node14,http://eviemsm4.github.io/node14.html
node15,http://eviemsm4.github.io/node15.html
node16,http://eviemsm4.github.io/node16.html
node17,http://eviemsm4.github.io/node17.html
node18,http://eviemsm4.github.io/node18.html
node19,http://eviemsm4.github.io/node19.html